{
  "model_name": "XGBoost (Tuned)",
  "accuracy": 0.8683333333333333,
  "model_path": "best_model.pkl",
  "all_results": {
    "Logistic Regression": 0.7,
    "Logistic Regression (Tuned)": 0.7,
    "Random Forest": 0.8433333333333334,
    "Random Forest (Tuned)": 0.845,
    "XGBoost": 0.8616666666666667,
    "XGBoost (Tuned)": 0.8683333333333333
  }
}